,hora,temperatura,Punto de rocio,Humedad,viento,nudos de viento,Rafaga,Presion,Precipitacion,Condicion,fecha
0,5:00 AM,54 °F,52 °F,94 %,VAR,1 mph,0 mph,21.58 in,0.0 in,Partly Cloudy,2020-01-05
1,6:00 AM,54 °F,48 °F,82 %,SSW,2 mph,0 mph,21.60 in,0.0 in,Partly Cloudy,2020-01-05
2,7:00 AM,55 °F,48 °F,77 %,VAR,1 mph,0 mph,21.63 in,0.0 in,Partly Cloudy,2020-01-05
3,8:00 AM,57 °F,50 °F,77 %,NNE,3 mph,0 mph,21.65 in,0.0 in,Partly Cloudy,2020-01-05
4,9:00 AM,61 °F,52 °F,72 %,ESE,5 mph,0 mph,21.65 in,0.0 in,Partly Cloudy,2020-01-05
5,10:00 AM,64 °F,48 °F,56 %,VAR,2 mph,0 mph,21.65 in,0.0 in,Mostly Cloudy,2020-01-05
6,11:00 AM,68 °F,34 °F,28 %,VAR,3 mph,0 mph,21.63 in,0.0 in,Partly Cloudy,2020-01-05
7,12:00 PM,68 °F,41 °F,37 %,N,3 mph,0 mph,21.58 in,0.0 in,Partly Cloudy,2020-01-05
8,1:00 PM,70 °F,43 °F,38 %,VAR,1 mph,0 mph,21.56 in,0.0 in,Mostly Cloudy,2020-01-05
9,2:00 PM,72 °F,45 °F,38 %,VAR,2 mph,0 mph,21.54 in,0.0 in,Mostly Cloudy,2020-01-05
10,3:00 PM,72 °F,45 °F,38 %,VAR,2 mph,0 mph,21.52 in,0.0 in,Cloudy,2020-01-05
11,4:00 PM,72 °F,46 °F,41 %,SSW,3 mph,0 mph,21.50 in,0.0 in,Mostly Cloudy,2020-01-05
12,5:00 PM,72 °F,45 °F,38 %,VAR,1 mph,0 mph,21.50 in,0.0 in,Mostly Cloudy,2020-01-05
13,5:22 PM,72 °F,43 °F,35 %,SW,13 mph,0 mph,21.50 in,0.0 in,Mostly Cloudy,2020-01-05
14,6:00 PM,70 °F,41 °F,35 %,SSW,14 mph,0 mph,21.50 in,0.0 in,Partly Cloudy,2020-01-05
15,5:00 AM,52 °F,45 °F,76 %,ENE,3 mph,0 mph,21.65 in,0.0 in,Fair,2020-01-12
16,6:00 AM,52 °F,45 °F,76 %,CALM,0 mph,0 mph,21.67 in,0.0 in,Fair,2020-01-12
17,7:00 AM,55 °F,43 °F,63 %,VAR,1 mph,0 mph,21.67 in,0.0 in,Fair,2020-01-12
18,8:00 AM,59 °F,45 °F,59 %,VAR,2 mph,0 mph,21.69 in,0.0 in,Fair,2020-01-12
19,9:00 AM,63 °F,46 °F,55 %,VAR,6 mph,0 mph,21.69 in,0.0 in,Fair,2020-01-12
20,10:00 AM,64 °F,45 °F,49 %,VAR,3 mph,0 mph,21.67 in,0.0 in,Fair,2020-01-12
21,11:00 AM,70 °F,48 °F,46 %,VAR,5 mph,0 mph,21.65 in,0.0 in,Fair,2020-01-12
22,12:00 PM,72 °F,45 °F,38 %,N,8 mph,0 mph,21.63 in,0.0 in,Fair,2020-01-12
23,1:00 PM,75 °F,45 °F,34 %,VAR,6 mph,0 mph,21.60 in,0.0 in,Partly Cloudy,2020-01-12
24,2:00 PM,75 °F,45 °F,34 %,VAR,3 mph,0 mph,21.56 in,0.0 in,Partly Cloudy,2020-01-12
25,3:00 PM,75 °F,46 °F,36 %,NNE,7 mph,0 mph,21.54 in,0.0 in,Partly Cloudy,2020-01-12
26,3:29 PM,75 °F,43 °F,31 %,NW,12 mph,0 mph,21.52 in,0.0 in,Mostly Cloudy,2020-01-12
27,4:00 PM,77 °F,37 °F,24 %,NE,14 mph,0 mph,21.52 in,0.0 in,Partly Cloudy,2020-01-12
28,5:00 PM,73 °F,41 °F,31 %,NNE,7 mph,0 mph,21.52 in,0.0 in,Partly Cloudy,2020-01-12
29,6:00 PM,73 °F,41 °F,31 %,NNE,9 mph,0 mph,21.52 in,0.0 in,Partly Cloudy,2020-01-12
30,5:00 AM,55 °F,50 °F,82 %,CALM,0 mph,0 mph,21.67 in,0.0 in,Mostly Cloudy,2020-01-19
31,6:00 AM,55 °F,48 °F,77 %,VAR,2 mph,0 mph,21.67 in,0.0 in,Mostly Cloudy,2020-01-19
32,7:00 AM,57 °F,48 °F,72 %,VAR,2 mph,0 mph,21.69 in,0.0 in,Mostly Cloudy,2020-01-19
33,8:00 AM,59 °F,50 °F,72 %,VAR,1 mph,0 mph,21.71 in,0.0 in,Mostly Cloudy,2020-01-19
34,9:00 AM,61 °F,52 °F,72 %,E,3 mph,0 mph,21.73 in,0.0 in,Mostly Cloudy,2020-01-19
35,10:00 AM,63 °F,50 °F,63 %,VAR,3 mph,0 mph,21.71 in,0.0 in,Mostly Cloudy,2020-01-19
36,11:00 AM,66 °F,50 °F,56 %,VAR,2 mph,0 mph,21.71 in,0.0 in,Mostly Cloudy,2020-01-19
37,12:00 PM,66 °F,46 °F,49 %,ENE,5 mph,0 mph,21.69 in,0.0 in,Mostly Cloudy,2020-01-19
38,1:00 PM,70 °F,46 °F,43 %,WNW,6 mph,0 mph,21.67 in,0.0 in,Mostly Cloudy,2020-01-19
39,2:00 PM,70 °F,48 °F,46 %,NNW,5 mph,0 mph,21.63 in,0.0 in,Mostly Cloudy,2020-01-19
40,3:00 PM,73 °F,46 °F,38 %,VAR,3 mph,0 mph,21.58 in,0.0 in,Partly Cloudy,2020-01-19
41,4:00 PM,73 °F,45 °F,36 %,NW,6 mph,0 mph,21.56 in,0.0 in,Fair,2020-01-19
42,6:00 PM,72 °F,43 °F,35 %,WNW,7 mph,0 mph,21.56 in,0.0 in,Partly Cloudy,2020-01-19
43,5:00 AM,55 °F,48 °F,77 %,ENE,2 mph,0 mph,21.65 in,0.0 in,Fair,2020-01-26
44,6:00 AM,55 °F,48 °F,77 %,CALM,0 mph,0 mph,21.67 in,0.0 in,Mostly Cloudy,2020-01-26
45,7:00 AM,57 °F,48 °F,72 %,NE,3 mph,0 mph,21.67 in,0.0 in,Mostly Cloudy,2020-01-26
46,8:00 AM,59 °F,50 °F,72 %,NE,2 mph,0 mph,21.69 in,0.0 in,Mostly Cloudy,2020-01-26
47,9:00 AM,63 °F,52 °F,68 %,ENE,7 mph,0 mph,21.69 in,0.0 in,Partly Cloudy,2020-01-26
48,10:00 AM,64 °F,50 °F,59 %,NNE,9 mph,0 mph,21.69 in,0.0 in,Mostly Cloudy,2020-01-26
49,11:00 AM,68 °F,50 °F,52 %,NNE,6 mph,0 mph,21.69 in,0.0 in,Mostly Cloudy,2020-01-26
50,12:00 PM,68 °F,48 °F,49 %,NE,8 mph,0 mph,21.67 in,0.0 in,Mostly Cloudy,2020-01-26
51,1:00 PM,72 °F,50 °F,46 %,VAR,3 mph,0 mph,21.65 in,0.0 in,Mostly Cloudy,2020-01-26
52,2:00 PM,72 °F,48 °F,43 %,N,7 mph,0 mph,21.63 in,0.0 in,Partly Cloudy,2020-01-26
53,3:00 PM,75 °F,48 °F,38 %,NW,8 mph,0 mph,21.58 in,0.0 in,Partly Cloudy,2020-01-26
54,4:00 PM,73 °F,48 °F,41 %,WNW,8 mph,0 mph,21.56 in,0.0 in,Partly Cloudy,2020-01-26
55,5:00 PM,75 °F,46 °F,36 %,NNW,8 mph,0 mph,21.56 in,0.0 in,Fair,2020-01-26
56,6:00 PM,73 °F,46 °F,38 %,NW,7 mph,0 mph,21.56 in,0.0 in,Fair,2020-01-26
57,5:00 AM,57 °F,52 °F,82 %,NE,6 mph,0 mph,21.65 in,0.0 in,Mostly Cloudy,2020-02-02
58,5:40 AM,57 °F,50 °F,77 %,N,6 mph,0 mph,21.67 in,0.0 in,Light Drizzle,2020-02-02
59,6:00 AM,55 °F,50 °F,82 %,N,7 mph,0 mph,21.67 in,0.0 in,Drizzle,2020-02-02
60,7:00 AM,55 °F,52 °F,88 %,VAR,2 mph,0 mph,21.69 in,0.0 in,Light Rain,2020-02-02
61,8:00 AM,57 °F,52 °F,82 %,SSE,5 mph,0 mph,21.71 in,0.0 in,Patches of Fog,2020-02-02
62,9:00 AM,59 °F,52 °F,77 %,VAR,2 mph,0 mph,21.71 in,0.0 in,Mostly Cloudy,2020-02-02
63,10:00 AM,64 °F,50 °F,59 %,VAR,3 mph,0 mph,21.69 in,0.0 in,Mostly Cloudy,2020-02-02
64,11:00 AM,68 °F,50 °F,52 %,VAR,5 mph,0 mph,21.69 in,0.0 in,Mostly Cloudy,2020-02-02
65,12:00 PM,68 °F,48 °F,49 %,VAR,5 mph,0 mph,21.65 in,0.0 in,Partly Cloudy,2020-02-02
66,1:00 PM,72 °F,48 °F,43 %,VAR,6 mph,0 mph,21.63 in,0.0 in,Partly Cloudy,2020-02-02
67,2:00 PM,75 °F,48 °F,38 %,WNW,5 mph,0 mph,21.58 in,0.0 in,Partly Cloudy,2020-02-02
68,3:00 PM,77 °F,48 °F,36 %,VAR,3 mph,0 mph,21.56 in,0.0 in,Partly Cloudy,2020-02-02
69,4:00 PM,77 °F,48 °F,36 %,VAR,5 mph,0 mph,21.54 in,0.0 in,Partly Cloudy,2020-02-02
70,4:18 PM,73 °F,48 °F,41 %,NE,13 mph,24 mph,21.54 in,0.0 in,Mostly Cloudy,2020-02-02
71,4:30 PM,72 °F,48 °F,43 %,NE,9 mph,0 mph,21.54 in,0.0 in,Thunder in the Vicinity,2020-02-02
72,5:00 PM,70 °F,52 °F,53 %,E,8 mph,0 mph,21.54 in,0.0 in,Light Rain with Thunder,2020-02-02
73,6:00 PM,68 °F,50 °F,52 %,W,5 mph,0 mph,21.56 in,0.0 in,Mostly Cloudy,2020-02-02
74,5:00 AM,54 °F,54 °F,100 %,CALM,0 mph,0 mph,21.63 in,0.0 in,Showers in the Vicinity,2020-02-09
75,6:00 AM,54 °F,54 °F,100 %,NE,3 mph,0 mph,21.65 in,0.0 in,Patches of Fog,2020-02-09
76,6:37 AM,54 °F,54 °F,100 %,ENE,5 mph,0 mph,21.65 in,0.0 in,Fog,2020-02-09
77,7:00 AM,54 °F,52 °F,94 %,NE,5 mph,0 mph,21.65 in,0.0 in,Patches of Fog,2020-02-09
78,8:00 AM,55 °F,52 °F,88 %,NE,3 mph,0 mph,21.67 in,0.0 in,Patches of Fog,2020-02-09
79,9:00 AM,57 °F,52 °F,82 %,VAR,2 mph,0 mph,21.67 in,0.0 in,Patches of Fog,2020-02-09
80,10:00 AM,61 °F,52 °F,72 %,VAR,1 mph,0 mph,21.65 in,0.0 in,Mostly Cloudy,2020-02-09
81,11:00 AM,64 °F,48 °F,56 %,VAR,3 mph,0 mph,21.65 in,0.0 in,Showers in the Vicinity,2020-02-09
82,12:00 PM,63 °F,48 °F,59 %,NE,7 mph,0 mph,21.63 in,0.0 in,Mostly Cloudy,2020-02-09
83,1:00 PM,63 °F,48 °F,59 %,NE,5 mph,0 mph,21.63 in,0.0 in,Mostly Cloudy,2020-02-09
84,2:00 PM,64 °F,45 °F,49 %,ESE,3 mph,0 mph,21.60 in,0.0 in,Cloudy,2020-02-09
85,3:00 PM,68 °F,50 °F,52 %,SSE,3 mph,0 mph,21.58 in,0.0 in,Mostly Cloudy,2020-02-09
86,4:00 PM,68 °F,50 °F,52 %,NNE,5 mph,0 mph,21.56 in,0.0 in,Showers in the Vicinity,2020-02-09
87,5:00 PM,68 °F,48 °F,49 %,NNE,7 mph,0 mph,21.54 in,0.0 in,Showers in the Vicinity,2020-02-09
88,6:00 PM,66 °F,50 °F,56 %,NE,6 mph,0 mph,21.56 in,0.0 in,Mostly Cloudy,2020-02-09
89,5:00 AM,55 °F,54 °F,94 %,CALM,0 mph,0 mph,21.63 in,0.0 in,Light Drizzle,2020-02-16
90,6:00 AM,55 °F,54 °F,94 %,SSE,3 mph,0 mph,21.65 in,0.0 in,Light Rain,2020-02-16
91,7:00 AM,55 °F,54 °F,94 %,NNW,3 mph,0 mph,21.65 in,0.0 in,Patches of Fog,2020-02-16
92,8:00 AM,61 °F,54 °F,77 %,E,5 mph,0 mph,21.67 in,0.0 in,Partly Cloudy,2020-02-16
93,9:00 AM,64 °F,52 °F,64 %,VAR,5 mph,0 mph,21.67 in,0.0 in,Partly Cloudy,2020-02-16
94,10:00 AM,68 °F,52 °F,56 %,VAR,3 mph,0 mph,21.65 in,0.0 in,Fair,2020-02-16
95,11:00 AM,70 °F,52 °F,53 %,VAR,3 mph,0 mph,21.63 in,0.0 in,Partly Cloudy,2020-02-16
96,12:00 PM,70 °F,50 °F,49 %,NE,7 mph,0 mph,21.60 in,0.0 in,Partly Cloudy,2020-02-16
97,1:00 PM,73 °F,46 °F,38 %,NE,6 mph,0 mph,21.58 in,0.0 in,Showers in the Vicinity,2020-02-16
98,1:30 PM,70 °F,50 °F,49 %,NE,13 mph,0 mph,21.56 in,0.0 in,Mostly Cloudy,2020-02-16
99,2:00 PM,73 °F,50 °F,44 %,VAR,2 mph,0 mph,21.54 in,0.0 in,Partly Cloudy,2020-02-16
100,3:00 PM,73 °F,48 °F,41 %,NNE,6 mph,0 mph,21.52 in,0.0 in,Thunder in the Vicinity,2020-02-16
101,3:18 PM,75 °F,50 °F,41 %,NE,14 mph,0 mph,21.52 in,0.0 in,Thunder,2020-02-16
102,4:00 PM,73 °F,50 °F,44 %,SE,10 mph,0 mph,21.52 in,0.0 in,Mostly Cloudy,2020-02-16
103,4:35 PM,66 °F,52 °F,60 %,WNW,8 mph,0 mph,21.52 in,0.0 in,Drizzle,2020-02-16
104,5:00 PM,68 °F,50 °F,52 %,SW,9 mph,0 mph,21.50 in,0.0 in,Mostly Cloudy,2020-02-16
105,6:00 PM,68 °F,50 °F,52 %,SW,6 mph,0 mph,21.52 in,0.0 in,Mostly Cloudy,2020-02-16
106,5:00 AM,57 °F,54 °F,88 %,CALM,0 mph,0 mph,21.65 in,0.0 in,Mostly Cloudy,2020-02-23
107,6:00 AM,57 °F,54 °F,88 %,CALM,0 mph,0 mph,21.65 in,0.0 in,Mostly Cloudy,2020-02-23
108,7:00 AM,57 °F,54 °F,88 %,ENE,1 mph,0 mph,21.67 in,0.0 in,Mostly Cloudy,2020-02-23
109,8:00 AM,61 °F,54 °F,77 %,ENE,5 mph,0 mph,21.69 in,0.0 in,Partly Cloudy,2020-02-23
110,9:00 AM,63 °F,54 °F,72 %,ENE,6 mph,0 mph,21.69 in,0.0 in,Partly Cloudy,2020-02-23
111,10:00 AM,63 °F,52 °F,68 %,NNW,5 mph,0 mph,21.69 in,0.0 in,Mostly Cloudy,2020-02-23
112,11:00 AM,64 °F,52 °F,64 %,N,5 mph,0 mph,21.67 in,0.0 in,Mostly Cloudy,2020-02-23
113,12:00 PM,66 °F,50 °F,56 %,VAR,5 mph,0 mph,21.65 in,0.0 in,Mostly Cloudy,2020-02-23
114,1:00 PM,68 °F,50 °F,52 %,VAR,6 mph,0 mph,21.63 in,0.0 in,Mostly Cloudy,2020-02-23
115,2:00 PM,72 °F,50 °F,46 %,VAR,6 mph,0 mph,21.58 in,0.0 in,Showers in the Vicinity,2020-02-23
116,3:00 PM,73 °F,52 °F,47 %,E,8 mph,0 mph,21.56 in,0.0 in,Showers in the Vicinity,2020-02-23
117,4:00 PM,73 °F,50 °F,44 %,NE,7 mph,0 mph,21.54 in,0.0 in,Showers in the Vicinity,2020-02-23
118,5:00 PM,73 °F,48 °F,41 %,NNE,6 mph,0 mph,21.52 in,0.0 in,Fair,2020-02-23
119,6:00 PM,72 °F,48 °F,43 %,SSE,3 mph,0 mph,21.54 in,0.0 in,Fair,2020-02-23
120,5:00 AM,55 °F,52 °F,88 %,NE,5 mph,0 mph,21.69 in,0.0 in,Mostly Cloudy,2020-03-01
121,6:00 AM,55 °F,54 °F,94 %,ENE,5 mph,0 mph,21.69 in,0.0 in,Mostly Cloudy,2020-03-01
122,7:00 AM,57 °F,54 °F,88 %,CALM,0 mph,0 mph,21.71 in,0.0 in,Mostly Cloudy,2020-03-01
123,8:00 AM,57 °F,54 °F,88 %,NE,5 mph,0 mph,21.73 in,0.0 in,Mostly Cloudy,2020-03-01
124,9:00 AM,61 °F,54 °F,77 %,NE,5 mph,0 mph,21.73 in,0.0 in,Mostly Cloudy,2020-03-01
125,10:00 AM,63 °F,52 °F,68 %,VAR,3 mph,0 mph,21.73 in,0.0 in,Showers in the Vicinity,2020-03-01
126,11:00 AM,64 °F,50 °F,59 %,VAR,5 mph,0 mph,21.71 in,0.0 in,Showers in the Vicinity,2020-03-01
127,12:00 PM,66 °F,54 °F,64 %,NE,9 mph,0 mph,21.69 in,0.0 in,Showers in the Vicinity,2020-03-01
128,1:00 PM,68 °F,52 °F,56 %,NE,7 mph,0 mph,21.67 in,0.0 in,Showers in the Vicinity,2020-03-01
129,2:00 PM,70 °F,50 °F,49 %,NE,10 mph,0 mph,21.63 in,0.0 in,Showers in the Vicinity,2020-03-01
130,3:00 PM,73 °F,48 °F,41 %,VAR,3 mph,0 mph,21.60 in,0.0 in,Partly Cloudy,2020-03-01
131,4:00 PM,73 °F,48 °F,41 %,NNE,6 mph,0 mph,21.58 in,0.0 in,Showers in the Vicinity,2020-03-01
132,5:00 PM,70 °F,50 °F,49 %,N,7 mph,0 mph,21.56 in,0.0 in,Mostly Cloudy,2020-03-01
133,6:00 PM,68 °F,48 °F,49 %,W,5 mph,0 mph,21.58 in,0.0 in,Showers in the Vicinity,2020-03-01
134,5:00 AM,57 °F,52 °F,82 %,WNW,5 mph,0 mph,21.63 in,0.0 in,Light Drizzle,2020-03-08
135,6:00 AM,59 °F,50 °F,72 %,CALM,0 mph,0 mph,21.65 in,0.0 in,Showers in the Vicinity,2020-03-08
136,7:00 AM,57 °F,50 °F,77 %,NE,3 mph,0 mph,21.67 in,0.0 in,Cloudy,2020-03-08
137,8:00 AM,61 °F,50 °F,68 %,CALM,0 mph,0 mph,21.69 in,0.0 in,Mostly Cloudy,2020-03-08
138,9:00 AM,64 °F,48 °F,56 %,VAR,2 mph,0 mph,21.69 in,0.0 in,Mostly Cloudy,2020-03-08
139,10:00 AM,70 °F,46 °F,43 %,VAR,3 mph,0 mph,21.67 in,0.0 in,Mostly Cloudy,2020-03-08
140,11:00 AM,72 °F,46 °F,41 %,VAR,5 mph,0 mph,21.65 in,0.0 in,Fair,2020-03-08
141,12:00 PM,73 °F,45 °F,36 %,VAR,2 mph,0 mph,21.63 in,0.0 in,Partly Cloudy,2020-03-08
142,1:00 PM,75 °F,46 °F,36 %,VAR,5 mph,0 mph,21.58 in,0.0 in,Showers in the Vicinity,2020-03-08
143,1:23 PM,75 °F,45 °F,34 %,SSW,13 mph,0 mph,21.58 in,0.0 in,Showers in the Vicinity,2020-03-08
144,2:00 PM,72 °F,46 °F,41 %,NE,20 mph,0 mph,21.58 in,0.0 in,Showers in the Vicinity,2020-03-08
145,3:00 PM,73 °F,45 °F,36 %,NE,8 mph,0 mph,21.54 in,0.0 in,Showers in the Vicinity,2020-03-08
146,4:00 PM,75 °F,43 °F,31 %,S,6 mph,0 mph,21.52 in,0.0 in,Partly Cloudy,2020-03-08
147,5:00 PM,75 °F,46 °F,36 %,ENE,10 mph,0 mph,21.52 in,0.0 in,Fair,2020-03-08
148,6:00 PM,72 °F,45 °F,38 %,NE,8 mph,0 mph,21.54 in,0.0 in,Fair,2020-03-08
149,5:00 AM,54 °F,48 °F,82 %,ESE,3 mph,0 mph,21.67 in,0.0 in,Mostly Cloudy,2020-03-15
150,6:00 AM,54 °F,50 °F,88 %,VAR,1 mph,0 mph,21.67 in,0.0 in,Mostly Cloudy,2020-03-15
151,7:00 AM,54 °F,50 °F,88 %,CALM,0 mph,0 mph,21.69 in,0.0 in,Mostly Cloudy,2020-03-15
152,8:00 AM,55 °F,52 °F,88 %,ENE,6 mph,0 mph,21.71 in,0.0 in,Fair,2020-03-15
153,9:00 AM,61 °F,52 °F,72 %,ENE,5 mph,0 mph,21.73 in,0.0 in,Fair,2020-03-15
154,10:00 AM,64 °F,52 °F,64 %,VAR,5 mph,0 mph,21.71 in,0.0 in,Partly Cloudy,2020-03-15
155,11:00 AM,66 °F,50 °F,56 %,VAR,5 mph,0 mph,21.69 in,0.0 in,Partly Cloudy,2020-03-15
156,12:00 PM,70 °F,48 °F,46 %,VAR,3 mph,0 mph,21.67 in,0.0 in,Showers in the Vicinity,2020-03-15
157,1:00 PM,70 °F,46 °F,43 %,VAR,5 mph,0 mph,21.63 in,0.0 in,Showers in the Vicinity,2020-03-15
158,1:27 PM,72 °F,50 °F,46 %,S,14 mph,0 mph,21.60 in,0.0 in,Showers in the Vicinity,2020-03-15
159,2:00 PM,75 °F,45 °F,34 %,SSW,9 mph,0 mph,21.58 in,0.0 in,Showers in the Vicinity,2020-03-15
160,2:15 PM,72 °F,43 °F,35 %,SSW,9 mph,0 mph,21.60 in,0.0 in,Thunder,2020-03-15
161,3:00 PM,72 °F,37 °F,29 %,VAR,2 mph,0 mph,21.56 in,0.0 in,Showers in the Vicinity,2020-03-15
162,4:00 PM,70 °F,48 °F,46 %,SE,7 mph,0 mph,21.54 in,0.0 in,Mostly Cloudy,2020-03-15
163,5:00 PM,73 °F,45 °F,36 %,VAR,1 mph,0 mph,21.54 in,0.0 in,Fair,2020-03-15
164,6:00 PM,72 °F,46 °F,41 %,W,5 mph,0 mph,21.54 in,0.0 in,Mostly Cloudy,2020-03-15
165,7:00 AM,55 °F,52 °F,88 %,,0 mph,0 mph,21.63 in,0.0 in,Mostly Cloudy,2020-03-22
166,8:00 AM,59 °F,52 °F,77 %,ENE,5 mph,0 mph,21.65 in,0.0 in,Mostly Cloudy,2020-03-22
167,9:00 AM,61 °F,50 °F,68 %,VAR,5 mph,0 mph,21.65 in,0.0 in,Mostly Cloudy,2020-03-22
168,10:00 AM,61 °F,48 °F,63 %,NE,6 mph,0 mph,21.65 in,0.0 in,Mostly Cloudy,2020-03-22
169,11:00 AM,64 °F,50 °F,59 %,VAR,2 mph,0 mph,21.63 in,0.0 in,Mostly Cloudy,2020-03-22
170,12:00 PM,68 °F,50 °F,52 %,N,5 mph,0 mph,21.60 in,0.0 in,Mostly Cloudy,2020-03-22
171,1:00 PM,66 °F,54 °F,64 %,NNW,9 mph,0 mph,21.58 in,0.0 in,Showers in the Vicinity,2020-03-22
172,7:00 AM,54 °F,54 °F,100 %,CALM,0 mph,0 mph,21.63 in,0.0 in,Mostly Cloudy,2020-03-29
173,8:00 AM,59 °F,54 °F,82 %,CALM,0 mph,0 mph,21.65 in,0.0 in,Fog,2020-03-29
174,9:00 AM,59 °F,52 °F,77 %,NE,3 mph,0 mph,21.67 in,0.0 in,Mostly Cloudy,2020-03-29
175,10:00 AM,61 °F,50 °F,68 %,VAR,2 mph,0 mph,21.65 in,0.0 in,Mostly Cloudy,2020-03-29
176,11:00 AM,63 °F,50 °F,63 %,VAR,2 mph,0 mph,21.65 in,0.0 in,Mostly Cloudy,2020-03-29
177,12:00 PM,63 °F,50 °F,63 %,ENE,6 mph,0 mph,21.63 in,0.0 in,Mostly Cloudy,2020-03-29
178,1:00 PM,66 °F,50 °F,56 %,VAR,2 mph,0 mph,21.60 in,0.0 in,Mostly Cloudy,2020-03-29
179,2:00 PM,68 °F,50 °F,52 %,VAR,3 mph,0 mph,21.58 in,0.0 in,Partly Cloudy,2020-03-29
180,7:00 AM,55 °F,46 °F,72 %,CALM,0 mph,0 mph,21.67 in,0.0 in,Partly Cloudy,2020-04-05
181,8:00 AM,61 °F,46 °F,59 %,VAR,2 mph,0 mph,21.67 in,0.0 in,Partly Cloudy,2020-04-05
182,9:00 AM,63 °F,46 °F,55 %,CALM,0 mph,0 mph,21.69 in,0.0 in,Partly Cloudy,2020-04-05
183,10:00 AM,66 °F,48 °F,52 %,VAR,2 mph,0 mph,21.69 in,0.0 in,Partly Cloudy,2020-04-05
184,11:00 AM,70 °F,48 °F,46 %,VAR,5 mph,0 mph,21.67 in,0.0 in,Partly Cloudy,2020-04-05
185,12:00 PM,72 °F,46 °F,41 %,VAR,2 mph,0 mph,21.63 in,0.0 in,Fair,2020-04-05
186,1:00 PM,73 °F,45 °F,36 %,VAR,5 mph,0 mph,21.60 in,0.0 in,Showers in the Vicinity,2020-04-05
187,7:00 AM,50 °F,34 °F,54 %,VAR,2 mph,0 mph,21.71 in,0.0 in,Fair,2020-04-12
188,8:00 AM,54 °F,32 °F,44 %,ENE,3 mph,0 mph,21.73 in,0.0 in,Fair,2020-04-12
189,9:00 AM,59 °F,34 °F,39 %,VAR,1 mph,0 mph,21.73 in,0.0 in,Fair,2020-04-12
190,10:00 AM,64 °F,34 °F,32 %,VAR,3 mph,0 mph,21.71 in,0.0 in,Fair,2020-04-12
191,11:00 AM,68 °F,32 °F,26 %,VAR,1 mph,0 mph,21.69 in,0.0 in,Fair,2020-04-12
192,12:00 PM,70 °F,32 °F,25 %,VAR,5 mph,0 mph,21.67 in,0.0 in,Fair,2020-04-12
193,1:00 PM,72 °F,30 °F,22 %,VAR,6 mph,0 mph,21.65 in,0.0 in,Fair,2020-04-12
194,7:00 AM,54 °F,41 °F,62 %,ESE,2 mph,0 mph,21.73 in,0.0 in,Fair,2020-04-19
195,8:00 AM,57 °F,41 °F,55 %,NE,5 mph,0 mph,21.73 in,0.0 in,Fair,2020-04-19
196,9:00 AM,61 °F,43 °F,52 %,VAR,2 mph,0 mph,21.75 in,0.0 in,Fair,2020-04-19
197,10:00 AM,64 °F,41 °F,42 %,VAR,3 mph,0 mph,21.73 in,0.0 in,Fair,2020-04-19
198,11:00 AM,68 °F,41 °F,37 %,VAR,3 mph,0 mph,21.71 in,0.0 in,Fair,2020-04-19
199,12:00 PM,70 °F,41 °F,35 %,WSW,7 mph,0 mph,21.69 in,0.0 in,Fair,2020-04-19
200,1:00 PM,72 °F,39 °F,31 %,NNE,6 mph,0 mph,21.65 in,0.0 in,Partly Cloudy,2020-04-19
201,7:00 AM,57 °F,45 °F,63 %,VAR,2 mph,0 mph,21.67 in,0.0 in,Mostly Cloudy,2020-04-26
202,8:00 AM,59 °F,45 °F,59 %,ESE,5 mph,0 mph,21.69 in,0.0 in,Mostly Cloudy,2020-04-26
203,9:00 AM,61 °F,45 °F,55 %,VAR,2 mph,0 mph,21.69 in,0.0 in,Mostly Cloudy,2020-04-26
204,10:00 AM,64 °F,46 °F,52 %,NNE,5 mph,0 mph,21.71 in,0.0 in,Mostly Cloudy,2020-04-26
205,11:00 AM,66 °F,46 °F,49 %,VAR,2 mph,0 mph,21.69 in,0.0 in,Mostly Cloudy,2020-04-26
206,12:00 PM,68 °F,46 °F,46 %,VAR,2 mph,0 mph,21.67 in,0.0 in,Mostly Cloudy,2020-04-26
207,1:00 PM,68 °F,45 °F,43 %,NW,5 mph,0 mph,21.65 in,0.0 in,Mostly Cloudy,2020-04-26
208,7:00 AM,54 °F,50 °F,88 %,CALM,0 mph,0 mph,21.71 in,0.0 in,Mostly Cloudy,2020-05-03
209,8:00 AM,55 °F,50 °F,82 %,CALM,0 mph,0 mph,21.73 in,0.0 in,Mostly Cloudy,2020-05-03
210,9:00 AM,57 °F,50 °F,77 %,E,5 mph,0 mph,21.73 in,0.0 in,Mostly Cloudy,2020-05-03
211,10:00 AM,61 °F,50 °F,68 %,VAR,3 mph,0 mph,21.73 in,0.0 in,Partly Cloudy,2020-05-03
212,11:00 AM,64 °F,50 °F,59 %,N,3 mph,0 mph,21.71 in,0.0 in,Fair,2020-05-03
213,12:00 PM,70 °F,48 °F,46 %,N,6 mph,0 mph,21.67 in,0.0 in,Partly Cloudy,2020-05-03
214,1:00 PM,68 °F,46 °F,46 %,VAR,5 mph,0 mph,21.63 in,0.0 in,Showers in the Vicinity,2020-05-03
215,7:00 AM,57 °F,46 °F,67 %,VAR,1 mph,0 mph,21.69 in,0.0 in,Fair,2020-05-10
216,8:00 AM,59 °F,48 °F,67 %,VAR,2 mph,0 mph,21.71 in,0.0 in,Fair,2020-05-10
217,9:00 AM,64 °F,50 °F,59 %,VAR,1 mph,0 mph,21.71 in,0.0 in,Fair,2020-05-10
218,10:00 AM,64 °F,48 °F,56 %,VAR,2 mph,0 mph,21.71 in,0.0 in,Partly Cloudy,2020-05-10
219,11:00 AM,68 °F,46 °F,46 %,VAR,1 mph,0 mph,21.67 in,0.0 in,Fair,2020-05-10
220,12:00 PM,72 °F,46 °F,41 %,N,6 mph,0 mph,21.65 in,0.0 in,Fair,2020-05-10
221,1:00 PM,73 °F,46 °F,38 %,W,6 mph,0 mph,21.63 in,0.0 in,Fair,2020-05-10
222,7:00 AM,54 °F,43 °F,67 %,CALM,0 mph,0 mph,21.71 in,0.0 in,Mostly Cloudy,2020-05-17
223,8:00 AM,57 °F,43 °F,59 %,SSE,3 mph,0 mph,21.71 in,0.0 in,Mostly Cloudy,2020-05-17
224,9:00 AM,63 °F,45 °F,52 %,VAR,1 mph,0 mph,21.73 in,0.0 in,Partly Cloudy,2020-05-17
225,10:00 AM,64 °F,45 °F,49 %,VAR,3 mph,0 mph,21.71 in,0.0 in,Partly Cloudy,2020-05-17
226,11:00 AM,66 °F,43 °F,43 %,WNW,6 mph,0 mph,21.69 in,0.0 in,Partly Cloudy,2020-05-17
227,12:00 PM,70 °F,41 °F,35 %,VAR,3 mph,0 mph,21.67 in,0.0 in,Fair,2020-05-17
228,1:00 PM,73 °F,41 °F,31 %,VAR,3 mph,0 mph,21.63 in,0.0 in,Fair,2020-05-17
229,7:00 AM,52 °F,37 °F,58 %,VAR,1 mph,0 mph,21.73 in,0.0 in,Fair,2020-05-24
230,8:00 AM,57 °F,41 °F,55 %,CALM,0 mph,0 mph,21.75 in,0.0 in,Fair,2020-05-24
231,9:00 AM,61 °F,39 °F,45 %,VAR,2 mph,0 mph,21.75 in,0.0 in,Fair,2020-05-24
232,10:00 AM,64 °F,43 °F,45 %,VAR,5 mph,0 mph,21.73 in,0.0 in,Mostly Cloudy,2020-05-24
233,11:00 AM,68 °F,45 °F,43 %,VAR,6 mph,0 mph,21.73 in,0.0 in,Mostly Cloudy,2020-05-24
234,12:00 PM,70 °F,43 °F,38 %,VAR,1 mph,0 mph,21.69 in,0.0 in,Fair,2020-05-24
235,1:00 PM,72 °F,36 °F,27 %,VAR,7 mph,0 mph,21.67 in,0.0 in,Fair,2020-05-24
236,7:00 AM,46 °F,21 °F,37 %,ENE,3 mph,0 mph,21.71 in,0.0 in,Fair,2020-05-31
237,8:00 AM,52 °F,23 °F,33 %,E,2 mph,0 mph,21.73 in,0.0 in,Fair,2020-05-31
238,9:00 AM,57 °F,21 °F,25 %,VAR,2 mph,0 mph,21.75 in,0.0 in,Fair,2020-05-31
239,10:00 AM,61 °F,23 °F,23 %,W,5 mph,0 mph,21.73 in,0.0 in,Fair,2020-05-31
240,11:00 AM,63 °F,18 °F,18 %,VAR,3 mph,0 mph,21.71 in,0.0 in,Fair,2020-05-31
241,12:00 PM,68 °F,21 °F,17 %,VAR,3 mph,0 mph,21.69 in,0.0 in,Fair,2020-05-31
242,1:00 PM,70 °F,19 °F,15 %,WNW,5 mph,0 mph,21.65 in,0.0 in,Fair,2020-05-31
243,7:00 AM,52 °F,43 °F,71 %,CALM,0 mph,0 mph,21.75 in,0.0 in,Partly Cloudy,2020-06-07
244,8:00 AM,55 °F,41 °F,58 %,NNE,3 mph,0 mph,21.77 in,0.0 in,Fair,2020-06-07
245,9:00 AM,59 °F,41 °F,51 %,VAR,1 mph,0 mph,21.77 in,0.0 in,Partly Cloudy,2020-06-07
246,10:00 AM,63 °F,43 °F,48 %,VAR,3 mph,0 mph,21.77 in,0.0 in,Fair,2020-06-07
247,11:00 AM,66 °F,36 °F,32 %,VAR,5 mph,0 mph,21.73 in,0.0 in,Fair,2020-06-07
248,12:00 PM,68 °F,43 °F,40 %,VAR,5 mph,0 mph,21.71 in,0.0 in,Fair,2020-06-07
249,1:00 PM,68 °F,41 °F,37 %,ENE,7 mph,0 mph,21.69 in,0.0 in,Partly Cloudy,2020-06-07
250,2:00 PM,70 °F,41 °F,35 %,NNE,6 mph,0 mph,21.67 in,0.0 in,Mostly Cloudy,2020-06-07
251,3:00 PM,70 °F,41 °F,35 %,VAR,2 mph,0 mph,21.65 in,0.0 in,Mostly Cloudy,2020-06-07
252,5:00 AM,52 °F,37 °F,58 %,NE,3 mph,0 mph,21.67 in,0.0 in,Fair,2020-06-14
253,6:00 AM,50 °F,37 °F,62 %,VAR,1 mph,0 mph,21.69 in,0.0 in,Partly Cloudy,2020-06-14
254,7:00 AM,52 °F,37 °F,58 %,VAR,1 mph,0 mph,21.71 in,0.0 in,Mostly Cloudy,2020-06-14
255,8:00 AM,54 °F,39 °F,58 %,SE,2 mph,0 mph,21.73 in,0.0 in,Cloudy,2020-06-14
256,9:00 AM,55 °F,37 °F,51 %,S,3 mph,0 mph,21.75 in,0.0 in,Mostly Cloudy,2020-06-14
257,10:00 AM,63 °F,39 °F,42 %,VAR,2 mph,0 mph,21.73 in,0.0 in,Partly Cloudy,2020-06-14
258,11:00 AM,61 °F,39 °F,45 %,NE,6 mph,0 mph,21.73 in,0.0 in,Mostly Cloudy,2020-06-14
259,12:00 PM,63 °F,41 °F,45 %,NE,6 mph,0 mph,21.71 in,0.0 in,Cloudy,2020-06-14
260,1:00 PM,63 °F,39 °F,42 %,E,6 mph,0 mph,21.71 in,0.0 in,Cloudy,2020-06-14
261,2:00 PM,64 °F,41 °F,42 %,ESE,3 mph,0 mph,21.69 in,0.0 in,Mostly Cloudy,2020-06-14
262,7:00 AM,50 °F,39 °F,66 %,CALM,0 mph,0 mph,21.69 in,0.0 in,Fair,2020-06-21
263,8:00 AM,54 °F,39 °F,58 %,NE,5 mph,0 mph,21.73 in,0.0 in,Fair,2020-06-21
264,9:00 AM,59 °F,39 °F,48 %,NE,3 mph,0 mph,21.73 in,0.0 in,Fair,2020-06-21
265,10:00 AM,63 °F,41 °F,45 %,NE,6 mph,0 mph,21.71 in,0.0 in,Fair,2020-06-21
266,11:00 AM,64 °F,41 °F,42 %,VAR,6 mph,0 mph,21.71 in,0.0 in,Fair,2020-06-21
267,12:00 PM,70 °F,41 °F,35 %,VAR,5 mph,0 mph,21.67 in,0.0 in,Fair,2020-06-21
268,1:00 PM,72 °F,39 °F,31 %,WNW,6 mph,0 mph,21.65 in,0.0 in,Fair,2020-06-21
269,7:00 AM,46 °F,25 °F,43 %,NNE,5 mph,0 mph,21.67 in,0.0 in,Fair,2020-06-28
270,8:00 AM,54 °F,25 °F,33 %,CALM,0 mph,0 mph,21.69 in,0.0 in,Fair,2020-06-28
271,9:00 AM,55 °F,27 °F,33 %,VAR,2 mph,0 mph,21.69 in,0.0 in,Fair,2020-06-28
272,10:00 AM,61 °F,28 °F,29 %,VAR,3 mph,0 mph,21.67 in,0.0 in,Fair,2020-06-28
273,11:00 AM,64 °F,32 °F,30 %,VAR,5 mph,0 mph,21.67 in,0.0 in,Fair,2020-06-28
274,12:00 PM,66 °F,32 °F,28 %,VAR,2 mph,0 mph,21.63 in,0.0 in,Fair,2020-06-28
275,1:00 PM,70 °F,34 °F,27 %,VAR,2 mph,0 mph,21.60 in,0.0 in,Fair,2020-06-28
276,2:00 PM,72 °F,32 °F,23 %,CALM,0 mph,0 mph,21.56 in,0.0 in,Fair,2020-06-28
277,3:00 PM,73 °F,25 °F,16 %,VAR,3 mph,0 mph,21.52 in,0.0 in,Fair,2020-06-28
278,4:00 PM,73 °F,21 °F,14 %,VAR,3 mph,0 mph,21.52 in,0.0 in,Fair,2020-06-28
279,7:00 AM,50 °F,23 °F,35 %,VAR,2 mph,0 mph,21.65 in,0.0 in,Fair,2020-07-05
280,8:00 AM,52 °F,27 °F,38 %,NNE,5 mph,0 mph,21.67 in,0.0 in,Fair,2020-07-05
281,9:00 AM,57 °F,23 °F,27 %,VAR,2 mph,0 mph,21.69 in,0.0 in,Fair,2020-07-05
282,10:00 AM,63 °F,28 °F,27 %,VAR,2 mph,0 mph,21.67 in,0.0 in,Fair,2020-07-05
283,11:00 AM,64 °F,32 °F,30 %,VAR,2 mph,0 mph,21.65 in,0.0 in,Fair,2020-07-05
284,12:00 PM,68 °F,36 °F,30 %,VAR,5 mph,0 mph,21.63 in,0.0 in,Fair,2020-07-05
285,1:00 PM,72 °F,30 °F,22 %,VAR,3 mph,0 mph,21.58 in,0.0 in,Fair,2020-07-05
286,2:00 PM,73 °F,25 °F,16 %,VAR,3 mph,0 mph,21.56 in,0.0 in,Fair,2020-07-05
287,7:00 AM,52 °F,36 °F,54 %,CALM,0 mph,0 mph,21.67 in,0.0 in,Mostly Cloudy,2020-07-12
288,8:00 AM,52 °F,34 °F,50 %,NNE,5 mph,0 mph,21.67 in,0.0 in,Mostly Cloudy,2020-07-12
289,9:00 AM,59 °F,36 °F,42 %,VAR,2 mph,0 mph,21.69 in,0.0 in,Partly Cloudy,2020-07-12
290,10:00 AM,63 °F,37 °F,39 %,ENE,6 mph,0 mph,21.67 in,0.0 in,Mostly Cloudy,2020-07-12
291,11:00 AM,64 °F,37 °F,37 %,VAR,1 mph,0 mph,21.67 in,0.0 in,Mostly Cloudy,2020-07-12
292,12:00 PM,68 °F,36 °F,30 %,VAR,3 mph,0 mph,21.63 in,0.0 in,Partly Cloudy,2020-07-12
293,1:00 PM,72 °F,37 °F,29 %,VAR,3 mph,0 mph,21.60 in,0.0 in,Partly Cloudy,2020-07-12
294,7:00 AM,50 °F,28 °F,43 %,CALM,0 mph,0 mph,21.69 in,0.0 in,Partly Cloudy,2020-07-19
295,8:00 AM,52 °F,28 °F,41 %,VAR,1 mph,0 mph,21.71 in,0.0 in,Partly Cloudy,2020-07-19
296,9:00 AM,57 °F,28 °F,33 %,VAR,2 mph,0 mph,21.69 in,0.0 in,Partly Cloudy,2020-07-19
297,10:00 AM,61 °F,28 °F,29 %,NE,6 mph,0 mph,21.71 in,0.0 in,Partly Cloudy,2020-07-19
298,11:00 AM,63 °F,32 °F,32 %,NW,5 mph,0 mph,21.69 in,0.0 in,Partly Cloudy,2020-07-19
299,12:00 PM,64 °F,32 °F,30 %,VAR,7 mph,0 mph,21.67 in,0.0 in,Partly Cloudy,2020-07-19
300,1:00 PM,68 °F,32 °F,26 %,VAR,2 mph,0 mph,21.65 in,0.0 in,Partly Cloudy,2020-07-19
301,7:00 AM,54 °F,37 °F,54 %,S,3 mph,0 mph,21.71 in,0.0 in,Mostly Cloudy,2020-07-26
302,8:00 AM,57 °F,37 °F,48 %,NNE,3 mph,0 mph,21.71 in,0.0 in,Fair,2020-07-26
303,9:00 AM,61 °F,37 °F,42 %,ENE,3 mph,0 mph,21.71 in,0.0 in,Fair,2020-07-26
304,10:00 AM,64 °F,39 °F,40 %,VAR,3 mph,0 mph,21.71 in,0.0 in,Fair,2020-07-26
305,11:00 AM,66 °F,37 °F,35 %,VAR,5 mph,0 mph,21.69 in,0.0 in,Fair,2020-07-26
306,12:00 PM,70 °F,36 °F,28 %,VAR,1 mph,0 mph,21.67 in,0.0 in,Fair,2020-07-26
307,1:00 PM,72 °F,30 °F,22 %,VAR,3 mph,0 mph,21.63 in,0.0 in,Partly Cloudy,2020-07-26
308,7:00 AM,46 °F,18 °F,32 %,N,1 mph,0 mph,21.73 in,0.0 in,Fair,2020-08-02
309,8:00 AM,52 °F,19 °F,28 %,E,2 mph,0 mph,21.75 in,0.0 in,Fair,2020-08-02
310,9:00 AM,55 °F,19 °F,25 %,VAR,1 mph,0 mph,21.75 in,0.0 in,Fair,2020-08-02
311,10:00 AM,61 °F,21 °F,22 %,VAR,2 mph,0 mph,21.75 in,0.0 in,Fair,2020-08-02
312,11:00 AM,66 °F,23 °F,19 %,VAR,6 mph,0 mph,21.73 in,0.0 in,Fair,2020-08-02
313,12:00 PM,66 °F,23 °F,19 %,VAR,7 mph,0 mph,21.69 in,0.0 in,Fair,2020-08-02
314,1:00 PM,72 °F,19 °F,14 %,VAR,5 mph,0 mph,21.67 in,0.0 in,Fair,2020-08-02
315,7:00 AM,46 °F,28 °F,50 %,CALM,0 mph,0 mph,21.75 in,0.0 in,Fair,2020-08-09
316,8:00 AM,50 °F,27 °F,40 %,NE,5 mph,0 mph,21.75 in,0.0 in,Fair,2020-08-09
317,9:00 AM,55 °F,28 °F,36 %,ENE,6 mph,0 mph,21.77 in,0.0 in,Fair,2020-08-09
318,10:00 AM,61 °F,30 °F,31 %,VAR,3 mph,0 mph,21.75 in,0.0 in,Fair,2020-08-09
319,11:00 AM,64 °F,32 °F,30 %,VAR,3 mph,0 mph,21.73 in,0.0 in,Fair,2020-08-09
320,12:00 PM,66 °F,32 °F,28 %,VAR,2 mph,0 mph,21.69 in,0.0 in,Fair,2020-08-09
321,1:00 PM,70 °F,30 °F,23 %,VAR,3 mph,0 mph,21.67 in,0.0 in,Fair,2020-08-09
322,2:00 PM,73 °F,27 °F,18 %,VAR,5 mph,0 mph,21.63 in,0.0 in,Fair,2020-08-09
323,3:00 PM,73 °F,25 °F,16 %,VAR,6 mph,0 mph,21.60 in,0.0 in,Fair,2020-08-09
324,4:00 PM,73 °F,23 °F,15 %,VAR,6 mph,0 mph,21.58 in,0.0 in,Fair,2020-08-09
325,7:00 AM,57 °F,39 °F,51 %,VAR,1 mph,0 mph,21.63 in,0.0 in,Fair,2020-08-16
326,8:00 AM,61 °F,39 °F,45 %,NE,3 mph,0 mph,21.65 in,0.0 in,Fair,2020-08-16
327,9:00 AM,64 °F,41 °F,42 %,VAR,2 mph,0 mph,21.65 in,0.0 in,Fair,2020-08-16
328,10:00 AM,66 °F,41 °F,40 %,N,5 mph,0 mph,21.63 in,0.0 in,Partly Cloudy,2020-08-16
329,11:00 AM,70 °F,39 °F,33 %,VAR,8 mph,0 mph,21.63 in,0.0 in,Partly Cloudy,2020-08-16
330,12:00 PM,72 °F,39 °F,31 %,VAR,7 mph,0 mph,21.58 in,0.0 in,Partly Cloudy,2020-08-16
331,1:00 PM,75 °F,39 °F,27 %,VAR,3 mph,0 mph,21.56 in,0.0 in,Partly Cloudy,2020-08-16
332,2:00 PM,77 °F,39 °F,26 %,VAR,9 mph,0 mph,21.52 in,0.0 in,Partly Cloudy,2020-08-16
333,3:00 PM,75 °F,39 °F,27 %,E,15 mph,26 mph,21.50 in,0.0 in,Partly Cloudy,2020-08-16
334,4:00 PM,77 °F,36 °F,22 %,NE,16 mph,0 mph,21.48 in,0.0 in,Showers in the Vicinity,2020-08-16
335,7:00 AM,55 °F,39 °F,54 %,ENE,3 mph,0 mph,21.65 in,0.0 in,Partly Cloudy,2020-08-23
336,8:00 AM,63 °F,39 °F,42 %,CALM,0 mph,0 mph,21.65 in,0.0 in,Fair,2020-08-23
337,9:00 AM,63 °F,41 °F,45 %,N,5 mph,0 mph,21.65 in,0.0 in,Fair,2020-08-23
338,10:00 AM,66 °F,41 °F,40 %,WNW,5 mph,0 mph,21.65 in,0.0 in,Fair,2020-08-23
339,11:00 AM,70 °F,41 °F,35 %,NE,7 mph,0 mph,21.60 in,0.0 in,Fair,2020-08-23
340,12:00 PM,72 °F,37 °F,29 %,VAR,3 mph,0 mph,21.58 in,0.0 in,Partly Cloudy,2020-08-23
341,1:00 PM,77 °F,36 °F,22 %,NE,9 mph,0 mph,21.54 in,0.0 in,Partly Cloudy,2020-08-23
342,2:00 PM,77 °F,27 °F,16 %,VAR,3 mph,0 mph,21.52 in,0.0 in,Fair,2020-08-23
343,2:30 PM,77 °F,39 °F,26 %,NE,10 mph,23 mph,21.50 in,0.0 in,Fair,2020-08-23
344,3:00 PM,77 °F,39 °F,26 %,ENE,13 mph,0 mph,21.50 in,0.0 in,Fair,2020-08-23
345,4:00 PM,75 °F,37 °F,25 %,NE,15 mph,0 mph,21.48 in,0.0 in,Fair,2020-08-23
346,5:00 PM,73 °F,36 °F,25 %,NE,10 mph,0 mph,21.50 in,0.0 in,Fair,2020-08-23
347,6:00 PM,70 °F,34 °F,27 %,NE,9 mph,0 mph,21.52 in,0.0 in,Fair,2020-08-23
348,7:00 AM,54 °F,36 °F,51 %,VAR,1 mph,0 mph,21.65 in,0.0 in,Fair,2020-08-30
349,8:00 AM,59 °F,36 °F,42 %,CALM,0 mph,0 mph,21.67 in,0.0 in,Fair,2020-08-30
350,9:00 AM,61 °F,36 °F,39 %,VAR,1 mph,0 mph,21.67 in,0.0 in,Fair,2020-08-30
351,10:00 AM,66 °F,37 °F,35 %,VAR,3 mph,0 mph,21.67 in,0.0 in,Fair,2020-08-30
352,11:00 AM,68 °F,36 °F,30 %,VAR,3 mph,0 mph,21.63 in,0.0 in,Fair,2020-08-30
353,12:00 PM,72 °F,36 °F,27 %,NW,5 mph,0 mph,21.60 in,0.0 in,Fair,2020-08-30
354,1:00 PM,73 °F,36 °F,25 %,VAR,2 mph,0 mph,21.58 in,0.0 in,Partly Cloudy,2020-08-30
355,7:00 AM,55 °F,48 °F,77 %,,0 mph,0 mph,0.00 in,0.0 in,Fair,2020-09-06
356,8:00 AM,57 °F,36 °F,44 %,NNE,3 mph,0 mph,21.69 in,0.0 in,Fair,2020-09-06
357,9:00 AM,63 °F,37 °F,39 %,NNE,3 mph,0 mph,21.69 in,0.0 in,Fair,2020-09-06
358,10:00 AM,66 °F,37 °F,35 %,VAR,5 mph,0 mph,21.67 in,0.0 in,Fair,2020-09-06
359,11:00 AM,70 °F,37 °F,31 %,VAR,3 mph,0 mph,21.65 in,0.0 in,Fair,2020-09-06
360,12:00 PM,73 °F,37 °F,27 %,VAR,1 mph,0 mph,21.60 in,0.0 in,Fair,2020-09-06
361,1:00 PM,77 °F,37 °F,24 %,VAR,3 mph,0 mph,21.56 in,0.0 in,Partly Cloudy,2020-09-06
362,7:00 AM,55 °F,36 °F,47 %,CALM,0 mph,0 mph,21.69 in,0.0 in,Mostly Cloudy,2020-09-13
363,8:00 AM,57 °F,37 °F,48 %,VAR,1 mph,0 mph,21.69 in,0.0 in,Mostly Cloudy,2020-09-13
364,9:00 AM,63 °F,37 °F,39 %,N,3 mph,0 mph,21.69 in,0.0 in,Partly Cloudy,2020-09-13
365,10:00 AM,63 °F,37 °F,39 %,NE,6 mph,0 mph,21.69 in,0.0 in,Mostly Cloudy,2020-09-13
366,11:00 AM,64 °F,37 °F,37 %,NE,5 mph,0 mph,21.69 in,0.0 in,Mostly Cloudy,2020-09-13
367,12:00 PM,64 °F,36 °F,34 %,NE,3 mph,0 mph,21.67 in,0.0 in,Mostly Cloudy,2020-09-13
368,1:00 PM,66 °F,36 °F,32 %,W,5 mph,0 mph,21.65 in,0.0 in,Mostly Cloudy,2020-09-13
369,7:00 AM,59 °F,43 °F,55 %,ENE,5 mph,0 mph,21.67 in,0.0 in,Partly Cloudy,2020-09-20
370,8:00 AM,63 °F,45 °F,52 %,VAR,1 mph,0 mph,21.69 in,0.0 in,Partly Cloudy,2020-09-20
371,9:00 AM,64 °F,43 °F,45 %,VAR,5 mph,0 mph,21.69 in,0.0 in,Mostly Cloudy,2020-09-20
372,10:00 AM,66 °F,43 °F,43 %,VAR,5 mph,0 mph,21.69 in,0.0 in,Mostly Cloudy,2020-09-20
373,11:00 AM,70 °F,43 °F,38 %,NW,10 mph,0 mph,21.67 in,0.0 in,Partly Cloudy,2020-09-20
374,12:00 PM,72 °F,43 °F,35 %,NNW,8 mph,0 mph,21.65 in,0.0 in,Mostly Cloudy,2020-09-20
375,1:00 PM,72 °F,41 °F,33 %,N,8 mph,0 mph,21.60 in,0.0 in,Partly Cloudy,2020-09-20
376,7:00 AM,54 °F,34 °F,47 %,SE,3 mph,0 mph,21.65 in,0.0 in,Fair,2020-09-27
377,8:00 AM,59 °F,37 °F,45 %,VAR,2 mph,0 mph,21.65 in,0.0 in,Fair,2020-09-27
378,9:00 AM,61 °F,39 °F,45 %,NNE,7 mph,0 mph,21.65 in,0.0 in,Fair,2020-09-27
379,10:00 AM,66 °F,41 °F,40 %,VAR,6 mph,0 mph,21.65 in,0.0 in,Fair,2020-09-27
380,11:00 AM,68 °F,37 °F,33 %,VAR,5 mph,0 mph,21.60 in,0.0 in,Fair,2020-09-27
381,12:00 PM,73 °F,36 °F,25 %,VAR,1 mph,0 mph,21.56 in,0.0 in,Fair,2020-09-27
382,1:00 PM,75 °F,30 °F,19 %,WSW,6 mph,0 mph,21.52 in,0.0 in,Fair,2020-09-27
383,2:00 PM,75 °F,30 °F,19 %,NNE,9 mph,0 mph,21.50 in,0.0 in,Fair,2020-09-27
384,7:00 AM,55 °F,45 °F,67 %,NE,5 mph,0 mph,21.71 in,0.0 in,Rain,2020-10-04
385,8:00 AM,54 °F,46 °F,77 %,SSE,3 mph,0 mph,21.73 in,0.0 in,Light Rain,2020-10-04
386,8:54 AM,55 °F,43 °F,63 %,VAR,2 mph,0 mph,21.75 in,0.0 in,Cloudy,2020-10-04
387,10:00 AM,54 °F,48 °F,82 %,NE,6 mph,0 mph,21.75 in,0.0 in,Light Drizzle,2020-10-04
388,11:00 AM,54 °F,46 °F,77 %,VAR,2 mph,0 mph,21.75 in,0.0 in,Cloudy,2020-10-04
389,12:00 PM,55 °F,48 °F,77 %,NE,8 mph,0 mph,21.75 in,0.0 in,Light Drizzle,2020-10-04
390,1:00 PM,55 °F,46 °F,72 %,NNE,7 mph,0 mph,21.73 in,0.0 in,Light Rain,2020-10-04
391,7:00 AM,55 °F,34 °F,44 %,E,1 mph,0 mph,21.69 in,0.0 in,Fair,2020-10-11
392,8:00 AM,59 °F,36 °F,42 %,VAR,1 mph,0 mph,21.71 in,0.0 in,Fair,2020-10-11
393,9:00 AM,64 °F,34 °F,32 %,VAR,3 mph,0 mph,21.69 in,0.0 in,Fair,2020-10-11
394,10:00 AM,66 °F,34 °F,30 %,VAR,2 mph,0 mph,21.67 in,0.0 in,Fair,2020-10-11
395,11:00 AM,72 °F,34 °F,25 %,VAR,2 mph,0 mph,21.65 in,0.0 in,Fair,2020-10-11
396,12:00 PM,75 °F,34 °F,22 %,VAR,1 mph,0 mph,21.63 in,0.0 in,Fair,2020-10-11
397,1:00 PM,77 °F,36 °F,22 %,VAR,3 mph,0 mph,21.58 in,0.0 in,Partly Cloudy,2020-10-11
398,2:00 PM,77 °F,37 °F,24 %,NE,8 mph,0 mph,21.54 in,0.0 in,Thunder in the Vicinity,2020-10-11
399,3:00 PM,75 °F,37 °F,25 %,SE,5 mph,0 mph,21.52 in,0.0 in,Thunder in the Vicinity,2020-10-11
400,7:00 AM,57 °F,41 °F,55 %,E,3 mph,0 mph,21.65 in,0.0 in,Fair,2020-10-18
401,8:00 AM,63 °F,41 °F,45 %,VAR,1 mph,0 mph,21.67 in,0.0 in,Fair,2020-10-18
402,9:00 AM,63 °F,43 °F,48 %,VAR,3 mph,0 mph,21.67 in,0.0 in,Partly Cloudy,2020-10-18
403,10:00 AM,68 °F,41 °F,37 %,VAR,2 mph,0 mph,21.65 in,0.0 in,Partly Cloudy,2020-10-18
404,11:00 AM,72 °F,41 °F,33 %,VAR,6 mph,0 mph,21.63 in,0.0 in,Mostly Cloudy,2020-10-18
405,12:00 PM,75 °F,36 °F,24 %,VAR,1 mph,0 mph,21.58 in,0.0 in,Mostly Cloudy,2020-10-18
406,1:00 PM,77 °F,36 °F,22 %,N,7 mph,0 mph,21.54 in,0.0 in,Mostly Cloudy,2020-10-18
407,7:00 AM,55 °F,43 °F,63 %,CALM,0 mph,0 mph,21.67 in,0.0 in,Fair,2020-10-25
408,8:00 AM,57 °F,43 °F,59 %,NE,5 mph,0 mph,21.67 in,0.0 in,Partly Cloudy,2020-10-25
409,9:00 AM,64 °F,45 °F,49 %,NNE,7 mph,0 mph,21.67 in,0.0 in,Partly Cloudy,2020-10-25
410,10:00 AM,70 °F,45 °F,40 %,E,5 mph,0 mph,21.67 in,0.0 in,Partly Cloudy,2020-10-25
411,11:00 AM,72 °F,45 °F,38 %,S,5 mph,0 mph,21.65 in,0.0 in,Partly Cloudy,2020-10-25
412,12:00 PM,77 °F,43 °F,29 %,VAR,2 mph,0 mph,21.63 in,0.0 in,Partly Cloudy,2020-10-25
413,1:00 PM,77 °F,43 °F,29 %,VAR,3 mph,0 mph,21.56 in,0.0 in,Partly Cloudy,2020-10-25
414,7:00 AM,55 °F,43 °F,63 %,VAR,1 mph,0 mph,21.67 in,0.0 in,Fair,2020-11-01
415,8:00 AM,59 °F,43 °F,55 %,VAR,2 mph,0 mph,21.67 in,0.0 in,Fair,2020-11-01
416,9:00 AM,61 °F,45 °F,55 %,N,5 mph,0 mph,21.67 in,0.0 in,Fair,2020-11-01
417,10:00 AM,64 °F,43 °F,45 %,VAR,5 mph,0 mph,21.65 in,0.0 in,Fair,2020-11-01
418,11:00 AM,70 °F,41 °F,35 %,VAR,3 mph,0 mph,21.60 in,0.0 in,Fair,2020-11-01
419,12:00 PM,73 °F,34 °F,23 %,VAR,3 mph,0 mph,21.58 in,0.0 in,Fair,2020-11-01
420,1:00 PM,77 °F,30 °F,18 %,VAR,5 mph,0 mph,21.52 in,0.0 in,Fair,2020-11-01
421,7:00 AM,55 °F,43 °F,63 %,VAR,1 mph,0 mph,21.67 in,0.0 in,Fair,2020-11-01
422,8:00 AM,59 °F,43 °F,55 %,VAR,2 mph,0 mph,21.67 in,0.0 in,Fair,2020-11-01
423,9:00 AM,61 °F,45 °F,55 %,N,5 mph,0 mph,21.67 in,0.0 in,Fair,2020-11-01
424,10:00 AM,64 °F,43 °F,45 %,VAR,5 mph,0 mph,21.65 in,0.0 in,Fair,2020-11-01
425,11:00 AM,70 °F,41 °F,35 %,VAR,3 mph,0 mph,21.60 in,0.0 in,Fair,2020-11-01
426,12:00 PM,73 °F,34 °F,23 %,VAR,3 mph,0 mph,21.58 in,0.0 in,Fair,2020-11-01
427,1:00 PM,77 °F,30 °F,18 %,VAR,5 mph,0 mph,21.52 in,0.0 in,Fair,2020-11-01
428,7:00 AM,61 °F,39 °F,45 %,VAR,2 mph,0 mph,21.63 in,0.0 in,Fair,2020-11-15
429,8:00 AM,64 °F,41 °F,42 %,VAR,1 mph,0 mph,21.65 in,0.0 in,Fair,2020-11-15
430,9:00 AM,68 °F,41 °F,37 %,VAR,5 mph,0 mph,21.63 in,0.0 in,Fair,2020-11-15
431,10:00 AM,72 °F,39 °F,31 %,VAR,7 mph,0 mph,21.60 in,0.0 in,Fair,2020-11-15
432,11:00 AM,75 °F,39 °F,27 %,VAR,6 mph,0 mph,21.58 in,0.0 in,Fair,2020-11-15
433,12:00 PM,77 °F,37 °F,24 %,VAR,2 mph,0 mph,21.56 in,0.0 in,Fair,2020-11-15
434,1:00 PM,81 °F,36 °F,20 %,VAR,5 mph,16 mph,21.54 in,0.0 in,Partly Cloudy,2020-11-15
435,7:00 AM,61 °F,28 °F,29 %,CALM,0 mph,0 mph,21.65 in,0.0 in,Fair,2020-11-22
436,8:00 AM,64 °F,37 °F,37 %,VAR,1 mph,0 mph,21.65 in,0.0 in,Fair,2020-11-22
437,9:00 AM,68 °F,37 °F,33 %,ENE,7 mph,0 mph,21.65 in,0.0 in,Fair,2020-11-22
438,10:00 AM,70 °F,37 °F,31 %,NW,5 mph,0 mph,21.63 in,0.0 in,Fair,2020-11-22
439,11:00 AM,75 °F,37 °F,25 %,VAR,3 mph,0 mph,21.60 in,0.0 in,Fair,2020-11-22
440,12:00 PM,77 °F,37 °F,24 %,VAR,3 mph,0 mph,21.58 in,0.0 in,Partly Cloudy,2020-11-22
441,1:00 PM,79 °F,32 °F,18 %,NNE,15 mph,0 mph,21.56 in,0.0 in,Partly Cloudy,2020-11-22
442,7:00 AM,54 °F,50 °F,88 %,NW,6 mph,0 mph,21.67 in,0.0 in,Rain,2020-11-29
443,8:00 AM,54 °F,50 °F,88 %,VAR,1 mph,0 mph,21.69 in,0.0 in,Rain,2020-11-29
444,9:00 AM,54 °F,52 °F,94 %,SE,6 mph,0 mph,21.71 in,0.0 in,Light Rain,2020-11-29
445,10:00 AM,54 °F,52 °F,94 %,CALM,0 mph,0 mph,21.71 in,0.0 in,Light Rain,2020-11-29
446,11:00 AM,55 °F,50 °F,82 %,VAR,1 mph,0 mph,21.71 in,0.0 in,Cloudy,2020-11-29
447,12:00 PM,57 °F,52 °F,82 %,VAR,1 mph,0 mph,21.71 in,0.0 in,Cloudy,2020-11-29
448,1:00 PM,61 °F,52 °F,72 %,NE,6 mph,0 mph,21.67 in,0.0 in,Mostly Cloudy,2020-11-29
449,7:00 AM,55 °F,50 °F,82 %,CALM,0 mph,0 mph,21.67 in,0.0 in,Patches of Fog,2020-12-06
450,8:00 AM,55 °F,50 °F,82 %,CALM,0 mph,0 mph,21.67 in,0.0 in,Patches of Fog,2020-12-06
451,9:00 AM,59 °F,48 °F,67 %,NE,3 mph,0 mph,21.67 in,0.0 in,Cloudy,2020-12-06
452,10:00 AM,61 °F,48 °F,63 %,VAR,2 mph,0 mph,21.67 in,0.0 in,Cloudy,2020-12-06
453,11:00 AM,64 °F,48 °F,56 %,E,3 mph,0 mph,21.65 in,0.0 in,Mostly Cloudy,2020-12-06
454,12:00 PM,68 °F,46 °F,46 %,VAR,1 mph,0 mph,21.63 in,0.0 in,Mostly Cloudy,2020-12-06
455,1:00 PM,68 °F,46 °F,46 %,NNE,6 mph,0 mph,21.58 in,0.0 in,Mostly Cloudy,2020-12-06
456,7:00 AM,63 °F,41 °F,45 %,SE,2 mph,0 mph,21.65 in,0.0 in,Fair,2020-12-13
457,8:00 AM,64 °F,41 °F,42 %,VAR,2 mph,0 mph,21.65 in,0.0 in,Partly Cloudy,2020-12-13
458,9:00 AM,64 °F,41 °F,42 %,NE,7 mph,0 mph,21.67 in,0.0 in,Mostly Cloudy,2020-12-13
459,10:00 AM,66 °F,43 °F,43 %,NW,3 mph,0 mph,21.65 in,0.0 in,Mostly Cloudy,2020-12-13
460,11:00 AM,72 °F,41 °F,33 %,WNW,6 mph,0 mph,21.63 in,0.0 in,Partly Cloudy,2020-12-13
461,12:00 PM,75 °F,41 °F,29 %,VAR,1 mph,0 mph,21.60 in,0.0 in,Partly Cloudy,2020-12-13
462,1:00 PM,77 °F,39 °F,26 %,W,7 mph,0 mph,21.56 in,0.0 in,Fair,2020-12-13
463,7:00 AM,57 °F,45 °F,63 %,N,2 mph,0 mph,21.58 in,0.0 in,Mostly Cloudy,2020-12-20
464,8:00 AM,59 °F,46 °F,63 %,NW,3 mph,0 mph,21.60 in,0.0 in,Mostly Cloudy,2020-12-20
465,9:00 AM,63 °F,46 °F,55 %,NE,7 mph,0 mph,21.60 in,0.0 in,Mostly Cloudy,2020-12-20
466,10:00 AM,61 °F,46 °F,59 %,N,7 mph,0 mph,21.63 in,0.0 in,Cloudy,2020-12-20
467,11:00 AM,64 °F,46 °F,52 %,NE,6 mph,0 mph,21.60 in,0.0 in,Cloudy,2020-12-20
468,12:00 PM,64 °F,46 °F,52 %,ENE,6 mph,0 mph,21.58 in,0.0 in,Cloudy,2020-12-20
469,1:00 PM,68 °F,45 °F,43 %,VAR,3 mph,0 mph,21.56 in,0.0 in,Mostly Cloudy,2020-12-20
470,7:00 AM,54 °F,52 °F,94 %,CALM,0 mph,0 mph,21.58 in,0.0 in,Light Drizzle,2020-12-27
471,8:00 AM,54 °F,52 °F,94 %,CALM,0 mph,0 mph,21.60 in,0.0 in,Patches of Fog,2020-12-27
472,8:11 AM,55 °F,52 °F,88 %,VAR,2 mph,0 mph,21.60 in,0.0 in,Light Drizzle,2020-12-27
473,9:00 AM,55 °F,50 °F,82 %,VAR,2 mph,0 mph,21.60 in,0.0 in,Light Rain,2020-12-27
474,10:00 AM,57 °F,50 °F,77 %,N,5 mph,0 mph,21.60 in,0.0 in,Cloudy,2020-12-27
475,11:00 AM,57 °F,48 °F,72 %,NNE,8 mph,0 mph,21.60 in,0.0 in,Cloudy,2020-12-27
476,12:00 PM,59 °F,46 °F,63 %,ENE,6 mph,0 mph,21.58 in,0.0 in,Showers in the Vicinity,2020-12-27
477,1:00 PM,61 °F,48 °F,63 %,VAR,3 mph,0 mph,21.56 in,0.0 in,Showers in the Vicinity,2020-12-27
